egaf_accession_id,title,description,biological_sex,subject_id,phenotype,egan_accession_id,design_description,library_name,library_construction_protocol,paired_nominal_length,paired_nominal_sdev,platform,model,library_layout,library_strategy,library_source,library_selection,study_accession_id,egax_accession_id
EGAF00008906849,HCA_A_GT14559435,,unknown,HCA_A_GT14559435,unknown,EGAN00004476819,"Illumina sequencing of library SQPP-43224-A:B1, constructed from sample accession EGAN00004476819 for study accession EGAS00001008257.  This is part of an Illumina multiplexed sequencing run (48285).  This submission includes reads tagged with the sequence TTAATACGCG.",SQPP-43224-A:B1,Chromium single cell 5 prime,550.0,,ILLUMINA,Illumina NovaSeq 6000,PAIRED,RNA-Seq,TRANSCRIPTOMIC SINGLE CELL,PolyA,EGAS00001008257,EGAX00003563589
EGAF00008906850,HCA_A_GT14559444,,unknown,HCA_A_GT14559444,unknown,EGAN00004476828,"Illumina sequencing of library SQPP-43224-A:C2, constructed from sample accession EGAN00004476828 for study accession EGAS00001008257.  This is part of an Illumina multiplexed sequencing run (48285).  This submission includes reads tagged with the sequence ATGGCTTGTG.",SQPP-43224-A:C2,Chromium single cell TCR,550.0,,ILLUMINA,Illumina NovaSeq 6000,PAIRED,RNA-Seq,TRANSCRIPTOMIC SINGLE CELL,PolyA,EGAS00001008257,EGAX00003563590
EGAF00008906851,HCA_A_GT14559445,,unknown,HCA_A_GT14559445,unknown,EGAN00004476829,"Illumina sequencing of library SQPP-43224-A:D2, constructed from sample accession EGAN00004476829 for study accession EGAS00001008257.  This is part of an Illumina multiplexed sequencing run (48285).  This submission includes reads tagged with the sequence CTTGCATAAA.",SQPP-43224-A:D2,Chromium single cell TCR,550.0,,ILLUMINA,Illumina NovaSeq 6000,PAIRED,RNA-Seq,TRANSCRIPTOMIC SINGLE CELL,PolyA,EGAS00001008257,EGAX00003563591
EGAF00008906852,HCA_A_GT14559434,,unknown,HCA_A_GT14559434,unknown,EGAN00004476818,"Illumina sequencing of library SQPP-43224-A:A1, constructed from sample accession EGAN00004476818 for study accession EGAS00001008257.  This is part of an Illumina multiplexed sequencing run (48285).  This submission includes reads tagged with the sequence CGTCAAGGGC.",SQPP-43224-A:A1,Chromium single cell 5 prime,550.0,,ILLUMINA,Illumina NovaSeq 6000,PAIRED,RNA-Seq,TRANSCRIPTOMIC SINGLE CELL,PolyA,EGAS00001008257,EGAX00003563592
EGAF00008906853,HCA_A_GT14559437,,unknown,HCA_A_GT14559437,unknown,EGAN00004476821,"Illumina sequencing of library SQPP-43224-A:D1, constructed from sample accession EGAN00004476821 for study accession EGAS00001008257.  This is part of an Illumina multiplexed sequencing run (48285).  This submission includes reads tagged with the sequence TTATCTAGGG.",SQPP-43224-A:D1,Chromium single cell 5 prime,550.0,,ILLUMINA,Illumina NovaSeq 6000,PAIRED,RNA-Seq,TRANSCRIPTOMIC SINGLE CELL,PolyA,EGAS00001008257,EGAX00003563593
EGAF00008906854,HCA_A_GT14559438,,unknown,HCA_A_GT14559438,unknown,EGAN00004476822,"Illumina sequencing of library SQPP-43224-A:E1, constructed from sample accession EGAN00004476822 for study accession EGAS00001008257.  This is part of an Illumina multiplexed sequencing run (48285).  This submission includes reads tagged with the sequence CACTACGAAA.",SQPP-43224-A:E1,Chromium single cell TCR,550.0,,ILLUMINA,Illumina NovaSeq 6000,PAIRED,RNA-Seq,TRANSCRIPTOMIC SINGLE CELL,PolyA,EGAS00001008257,EGAX00003563594
EGAF00008906855,HCA_A_GT14559436,,unknown,HCA_A_GT14559436,unknown,EGAN00004476820,"Illumina sequencing of library SQPP-43224-A:C1, constructed from sample accession EGAN00004476820 for study accession EGAS00001008257.  This is part of an Illumina multiplexed sequencing run (48285).  This submission includes reads tagged with the sequence GTCCTTCGGC.",SQPP-43224-A:C1,Chromium single cell 5 prime,550.0,,ILLUMINA,Illumina NovaSeq 6000,PAIRED,RNA-Seq,TRANSCRIPTOMIC SINGLE CELL,PolyA,EGAS00001008257,EGAX00003563595
EGAF00008906856,HCA_A_GT14559440,,unknown,HCA_A_GT14559440,unknown,EGAN00004476824,"Illumina sequencing of library SQPP-43224-A:G1, constructed from sample accession EGAN00004476824 for study accession EGAS00001008257.  This is part of an Illumina multiplexed sequencing run (48285).  This submission includes reads tagged with the sequence TATTGAGGCA.",SQPP-43224-A:G1,Chromium single cell TCR,550.0,,ILLUMINA,Illumina NovaSeq 6000,PAIRED,RNA-Seq,TRANSCRIPTOMIC SINGLE CELL,PolyA,EGAS00001008257,EGAX00003563596
EGAF00008906857,HCA_A_GT14559439,,unknown,HCA_A_GT14559439,unknown,EGAN00004476823,"Illumina sequencing of library SQPP-43224-A:F1, constructed from sample accession EGAN00004476823 for study accession EGAS00001008257.  This is part of an Illumina multiplexed sequencing run (48285).  This submission includes reads tagged with the sequence CGCGCACTTA.",SQPP-43224-A:F1,Chromium single cell TCR,550.0,,ILLUMINA,Illumina NovaSeq 6000,PAIRED,RNA-Seq,TRANSCRIPTOMIC SINGLE CELL,PolyA,EGAS00001008257,EGAX00003563597
EGAF00008906858,HCA_A_GT14559442,,unknown,HCA_A_GT14559442,unknown,EGAN00004476826,"Illumina sequencing of library SQPP-43224-A:A2, constructed from sample accession EGAN00004476826 for study accession EGAS00001008257.  This is part of an Illumina multiplexed sequencing run (48285).  This submission includes reads tagged with the sequence AAGTGGAGAG.",SQPP-43224-A:A2,Chromium single cell TCR,550.0,,ILLUMINA,Illumina NovaSeq 6000,PAIRED,RNA-Seq,TRANSCRIPTOMIC SINGLE CELL,PolyA,EGAS00001008257,EGAX00003563598
EGAF00008906859,HCA_A_GT14559441,,unknown,HCA_A_GT14559441,unknown,EGAN00004476825,"Illumina sequencing of library SQPP-43224-A:H1, constructed from sample accession EGAN00004476825 for study accession EGAS00001008257.  This is part of an Illumina multiplexed sequencing run (48285).  This submission includes reads tagged with the sequence GTTTCACGAT.",SQPP-43224-A:H1,Chromium single cell TCR,550.0,,ILLUMINA,Illumina NovaSeq 6000,PAIRED,RNA-Seq,TRANSCRIPTOMIC SINGLE CELL,PolyA,EGAS00001008257,EGAX00003563599
EGAF00008906860,HCA_A_GT14559446,,unknown,HCA_A_GT14559446,unknown,EGAN00004476831,"Illumina sequencing of library SQPP-43224-A:E2, constructed from sample accession EGAN00004476831 for study accession EGAS00001008257.  This is part of an Illumina multiplexed sequencing run (48285).  This submission includes reads tagged with the sequence TTATTGACAC.",SQPP-43224-A:E2,Chromium single cell surface protein,550.0,,ILLUMINA,Illumina NovaSeq 6000,PAIRED,RNA-Seq,TRANSCRIPTOMIC SINGLE CELL,PolyA,EGAS00001008257,EGAX00003563600
EGAF00008906861,HCA_A_GT14559447,,unknown,HCA_A_GT14559447,unknown,EGAN00004476830,"Illumina sequencing of library SQPP-43224-A:F2, constructed from sample accession EGAN00004476830 for study accession EGAS00001008257.  This is part of an Illumina multiplexed sequencing run (48285).  This submission includes reads tagged with the sequence GCTGCTCCCA.",SQPP-43224-A:F2,Chromium single cell surface protein,550.0,,ILLUMINA,Illumina NovaSeq 6000,PAIRED,RNA-Seq,TRANSCRIPTOMIC SINGLE CELL,PolyA,EGAS00001008257,EGAX00003563601
EGAF00008906862,HCA_A_GT14559448,,unknown,HCA_A_GT14559448,unknown,EGAN00004476832,"Illumina sequencing of library SQPP-43224-A:G2, constructed from sample accession EGAN00004476832 for study accession EGAS00001008257.  This is part of an Illumina multiplexed sequencing run (48285).  This submission includes reads tagged with the sequence CTGGTGATAA.",SQPP-43224-A:G2,Chromium single cell surface protein,550.0,,ILLUMINA,Illumina NovaSeq 6000,PAIRED,RNA-Seq,TRANSCRIPTOMIC SINGLE CELL,PolyA,EGAS00001008257,EGAX00003563602
EGAF00008906863,HCA_A_GT14559449,,unknown,HCA_A_GT14559449,unknown,EGAN00004476833,"Illumina sequencing of library SQPP-43224-A:H2, constructed from sample accession EGAN00004476833 for study accession EGAS00001008257.  This is part of an Illumina multiplexed sequencing run (48285).  This submission includes reads tagged with the sequence AGACGACCGA.",SQPP-43224-A:H2,Chromium single cell surface protein,550.0,,ILLUMINA,Illumina NovaSeq 6000,PAIRED,RNA-Seq,TRANSCRIPTOMIC SINGLE CELL,PolyA,EGAS00001008257,EGAX00003563603
EGAF00008906864,HCA_A_GT14559443,,unknown,HCA_A_GT14559443,unknown,EGAN00004476827,"Illumina sequencing of library SQPP-43224-A:B2, constructed from sample accession EGAN00004476827 for study accession EGAS00001008257.  This is part of an Illumina multiplexed sequencing run (48285).  This submission includes reads tagged with the sequence TCGGCTCTAC.",SQPP-43224-A:B2,Chromium single cell TCR,550.0,,ILLUMINA,Illumina NovaSeq 6000,PAIRED,RNA-Seq,TRANSCRIPTOMIC SINGLE CELL,PolyA,EGAS00001008257,EGAX00003563588
EGAF00008928017,HCA_A_GT13415151,,unknown,,UNKNOWN,EGAN00004714143,"Illumina sequencing of library SQPP-12326-J:A1, constructed from sample accession EGAN00004714143 for study accession EGAS00001008257.  This is part of an Illumina multiplexed sequencing run (46683_1).  This submission includes reads tagged with the sequence GTAGACGAAA.",SQPP-12326-J:A1,Chromium single cell 5 prime,550.0,,ILLUMINA,Illumina NovaSeq 6000,PAIRED,RNA-Seq,TRANSCRIPTOMIC SINGLE CELL,PolyA,EGAS00001008257,EGAX00003575951
EGAF00008928018,HCA_A_GT13415154,,unknown,,UNKNOWN,EGAN00004714146,"Illumina sequencing of library SQPP-12326-J:D1, constructed from sample accession EGAN00004714146 for study accession EGAS00001008257.  This is part of an Illumina multiplexed sequencing run (46683_1).  This submission includes reads tagged with the sequence CGTCCACCTG.",SQPP-12326-J:D1,Chromium single cell TCR,550.0,,ILLUMINA,Illumina NovaSeq 6000,PAIRED,RNA-Seq,TRANSCRIPTOMIC SINGLE CELL,PolyA,EGAS00001008257,EGAX00003575952
EGAF00008928019,HCA_A_GT13415158,,unknown,,UNKNOWN,EGAN00004714150,"Illumina sequencing of library SQPP-12326-J:H1, constructed from sample accession EGAN00004714150 for study accession EGAS00001008257.  This is part of an Illumina multiplexed sequencing run (46683_1).  This submission includes reads tagged with the sequence CGTTCCACAT.",SQPP-12326-J:H1,Chromium single cell surface protein,550.0,,ILLUMINA,Illumina NovaSeq 6000,PAIRED,RNA-Seq,TRANSCRIPTOMIC SINGLE CELL,PolyA,EGAS00001008257,EGAX00003575953
EGAF00008931255,HCA_A_GT14829137,,unknown,HCA_A_GT14829137,UNKNOWN,EGAN00004543306,"Illumina sequencing of library SQPP-54690-I:A1, constructed from sample accession EGAN00004543306 for study accession EGAS00001008257.  This is part of an Illumina multiplexed sequencing run (49061).  This submission includes reads tagged with the sequence ACAGTAACTA.",SQPP-54690-I:A1,Chromium single cell 5 prime,550.0,,ILLUMINA,Illumina NovaSeq 6000,PAIRED,RNA-Seq,TRANSCRIPTOMIC SINGLE CELL,PolyA,EGAS00001008257,EGAX00003579923
EGAF00008931256,HCA_A_GT14829174,,unknown,HCA_A_GT14829174,UNKNOWN,EGAN00004543343,"Illumina sequencing of library SQPP-54690-I:F5, constructed from sample accession EGAN00004543343 for study accession EGAS00001008257.  This is part of an Illumina multiplexed sequencing run (49061).  This submission includes reads tagged with the sequence GCAGTATAGG.",SQPP-54690-I:F5,Chromium single cell TCR,550.0,,ILLUMINA,Illumina NovaSeq 6000,PAIRED,RNA-Seq,TRANSCRIPTOMIC SINGLE CELL,PolyA,EGAS00001008257,EGAX00003579932
EGAF00008931257,HCA_A_GT14829158,,unknown,HCA_A_GT14829158,UNKNOWN,EGAN00004543327,"Illumina sequencing of library SQPP-54690-I:F3, constructed from sample accession EGAN00004543327 for study accession EGAS00001008257.  This is part of an Illumina multiplexed sequencing run (49061).  This submission includes reads tagged with the sequence AACCACGCAT.",SQPP-54690-I:F3,Chromium single cell TCR,550.0,,ILLUMINA,Illumina NovaSeq 6000,PAIRED,RNA-Seq,TRANSCRIPTOMIC SINGLE CELL,PolyA,EGAS00001008257,EGAX00003579933
EGAF00008931258,HCA_A_GT14829177,,unknown,HCA_A_GT14829177,UNKNOWN,EGAN00004543345,"Illumina sequencing of library SQPP-54690-I:A6, constructed from sample accession EGAN00004543345 for study accession EGAS00001008257.  This is part of an Illumina multiplexed sequencing run (49061).  This submission includes reads tagged with the sequence GCGCTTATGG.",SQPP-54690-I:A6,Chromium single cell TCR,550.0,,ILLUMINA,Illumina NovaSeq 6000,PAIRED,RNA-Seq,TRANSCRIPTOMIC SINGLE CELL,PolyA,EGAS00001008257,EGAX00003579934
EGAF00008931259,HCA_A_GT14829151,,unknown,HCA_A_GT14829151,UNKNOWN,EGAN00004543321,"Illumina sequencing of library SQPP-54690-I:G2, constructed from sample accession EGAN00004543321 for study accession EGAS00001008257.  This is part of an Illumina multiplexed sequencing run (49061).  This submission includes reads tagged with the sequence AGTTTCCTGG.",SQPP-54690-I:G2,Chromium single cell 5 prime,550.0,,ILLUMINA,Illumina NovaSeq 6000,PAIRED,RNA-Seq,TRANSCRIPTOMIC SINGLE CELL,PolyA,EGAS00001008257,EGAX00003579935
EGAF00008931260,HCA_A_GT14829152,,unknown,HCA_A_GT14829152,UNKNOWN,EGAN00004543320,"Illumina sequencing of library SQPP-54690-I:H2, constructed from sample accession EGAN00004543320 for study accession EGAS00001008257.  This is part of an Illumina multiplexed sequencing run (49061).  This submission includes reads tagged with the sequence CGGAACCCAA.",SQPP-54690-I:H2,Chromium single cell TCR,550.0,,ILLUMINA,Illumina NovaSeq 6000,PAIRED,RNA-Seq,TRANSCRIPTOMIC SINGLE CELL,PolyA,EGAS00001008257,EGAX00003579936
EGAF00008931261,HCA_A_GT14829156,,unknown,HCA_A_GT14829156,UNKNOWN,EGAN00004543325,"Illumina sequencing of library SQPP-54690-I:D3, constructed from sample accession EGAN00004543325 for study accession EGAS00001008257.  This is part of an Illumina multiplexed sequencing run (49061).  This submission includes reads tagged with the sequence ATGGGTGAAA.",SQPP-54690-I:D3,Chromium single cell TCR,550.0,,ILLUMINA,Illumina NovaSeq 6000,PAIRED,RNA-Seq,TRANSCRIPTOMIC SINGLE CELL,PolyA,EGAS00001008257,EGAX00003579937
EGAF00008931262,HCA_A_GT14829157,,unknown,HCA_A_GT14829157,UNKNOWN,EGAN00004543326,"Illumina sequencing of library SQPP-54690-I:E3, constructed from sample accession EGAN00004543326 for study accession EGAS00001008257.  This is part of an Illumina multiplexed sequencing run (49061).  This submission includes reads tagged with the sequence CGAATATTCG.",SQPP-54690-I:E3,Chromium single cell TCR,550.0,,ILLUMINA,Illumina NovaSeq 6000,PAIRED,RNA-Seq,TRANSCRIPTOMIC SINGLE CELL,PolyA,EGAS00001008257,EGAX00003579938
EGAF00008931263,HCA_A_GT14829173,,unknown,HCA_A_GT14829173,UNKNOWN,EGAN00004543342,"Illumina sequencing of library SQPP-54690-I:E5, constructed from sample accession EGAN00004543342 for study accession EGAS00001008257.  This is part of an Illumina multiplexed sequencing run (49061).  This submission includes reads tagged with the sequence ACGACTACCA.",SQPP-54690-I:E5,Chromium single cell TCR,550.0,,ILLUMINA,Illumina NovaSeq 6000,PAIRED,RNA-Seq,TRANSCRIPTOMIC SINGLE CELL,PolyA,EGAS00001008257,EGAX00003579939
EGAF00008931264,HCA_A_GT14829164,,unknown,HCA_A_GT14829164,UNKNOWN,EGAN00004543333,"Illumina sequencing of library SQPP-54690-I:D4, constructed from sample accession EGAN00004543333 for study accession EGAS00001008257.  This is part of an Illumina multiplexed sequencing run (49061).  This submission includes reads tagged with the sequence CCTGTCAGGG.",SQPP-54690-I:D4,Chromium single cell TCR,550.0,,ILLUMINA,Illumina NovaSeq 6000,PAIRED,RNA-Seq,TRANSCRIPTOMIC SINGLE CELL,PolyA,EGAS00001008257,EGAX00003579940
EGAF00008931265,HCA_A_GT14829139,,unknown,HCA_A_GT14829139,UNKNOWN,EGAN00004543309,"Illumina sequencing of library SQPP-54690-I:C1, constructed from sample accession EGAN00004543309 for study accession EGAS00001008257.  This is part of an Illumina multiplexed sequencing run (49061).  This submission includes reads tagged with the sequence AATGTATCCA.",SQPP-54690-I:C1,Chromium single cell 5 prime,550.0,,ILLUMINA,Illumina NovaSeq 6000,PAIRED,RNA-Seq,TRANSCRIPTOMIC SINGLE CELL,PolyA,EGAS00001008257,EGAX00003579941
EGAF00008931266,HCA_A_GT14829165,,unknown,HCA_A_GT14829165,UNKNOWN,EGAN00004543334,"Illumina sequencing of library SQPP-54690-I:E4, constructed from sample accession EGAN00004543334 for study accession EGAS00001008257.  This is part of an Illumina multiplexed sequencing run (49061).  This submission includes reads tagged with the sequence TTATTCGAGG.",SQPP-54690-I:E4,Chromium single cell TCR,550.0,,ILLUMINA,Illumina NovaSeq 6000,PAIRED,RNA-Seq,TRANSCRIPTOMIC SINGLE CELL,PolyA,EGAS00001008257,EGAX00003579924
EGAF00008931267,HCA_A_GT14829166,,unknown,HCA_A_GT14829166,UNKNOWN,EGAN00004543336,"Illumina sequencing of library SQPP-54690-I:F4, constructed from sample accession EGAN00004543336 for study accession EGAS00001008257.  This is part of an Illumina multiplexed sequencing run (49061).  This submission includes reads tagged with the sequence CACAATCCCA.",SQPP-54690-I:F4,Chromium single cell TCR,550.0,,ILLUMINA,Illumina NovaSeq 6000,PAIRED,RNA-Seq,TRANSCRIPTOMIC SINGLE CELL,PolyA,EGAS00001008257,EGAX00003579942
EGAF00008931268,HCA_A_GT14829144,,unknown,HCA_A_GT14829144,UNKNOWN,EGAN00004543313,"Illumina sequencing of library SQPP-54690-I:H1, constructed from sample accession EGAN00004543313 for study accession EGAS00001008257.  This is part of an Illumina multiplexed sequencing run (49061).  This submission includes reads tagged with the sequence CCGGCAACTG.",SQPP-54690-I:H1,Chromium single cell 5 prime,550.0,,ILLUMINA,Illumina NovaSeq 6000,PAIRED,RNA-Seq,TRANSCRIPTOMIC SINGLE CELL,PolyA,EGAS00001008257,EGAX00003579943
EGAF00008931269,HCA_A_GT14829168,,unknown,HCA_A_GT14829168,UNKNOWN,EGAN00004543337,"Illumina sequencing of library SQPP-54690-I:H4, constructed from sample accession EGAN00004543337 for study accession EGAS00001008257.  This is part of an Illumina multiplexed sequencing run (49061).  This submission includes reads tagged with the sequence ACTTTACGTG.",SQPP-54690-I:H4,Chromium single cell TCR,550.0,,ILLUMINA,Illumina NovaSeq 6000,PAIRED,RNA-Seq,TRANSCRIPTOMIC SINGLE CELL,PolyA,EGAS00001008257,EGAX00003579944
EGAF00008931270,HCA_A_GT14829155,,unknown,HCA_A_GT14829155,UNKNOWN,EGAN00004543324,"Illumina sequencing of library SQPP-54690-I:C3, constructed from sample accession EGAN00004543324 for study accession EGAS00001008257.  This is part of an Illumina multiplexed sequencing run (49061).  This submission includes reads tagged with the sequence GCCCGATGGA.",SQPP-54690-I:C3,Chromium single cell TCR,550.0,,ILLUMINA,Illumina NovaSeq 6000,PAIRED,RNA-Seq,TRANSCRIPTOMIC SINGLE CELL,PolyA,EGAS00001008257,EGAX00003579945
EGAF00008931271,HCA_A_GT14829142,,unknown,HCA_A_GT14829142,UNKNOWN,EGAN00004543311,"Illumina sequencing of library SQPP-54690-I:F1, constructed from sample accession EGAN00004543311 for study accession EGAS00001008257.  This is part of an Illumina multiplexed sequencing run (49061).  This submission includes reads tagged with the sequence AGAATGGTTT.",SQPP-54690-I:F1,Chromium single cell 5 prime,550.0,,ILLUMINA,Illumina NovaSeq 6000,PAIRED,RNA-Seq,TRANSCRIPTOMIC SINGLE CELL,PolyA,EGAS00001008257,EGAX00003579946
EGAF00008931272,HCA_A_GT14829146,,unknown,HCA_A_GT14829146,UNKNOWN,EGAN00004543316,"Illumina sequencing of library SQPP-54690-I:B2, constructed from sample accession EGAN00004543316 for study accession EGAS00001008257.  This is part of an Illumina multiplexed sequencing run (49061).  This submission includes reads tagged with the sequence GTAGCCCTGT.",SQPP-54690-I:B2,Chromium single cell 5 prime,550.0,,ILLUMINA,Illumina NovaSeq 6000,PAIRED,RNA-Seq,TRANSCRIPTOMIC SINGLE CELL,PolyA,EGAS00001008257,EGAX00003579947
EGAF00008931273,HCA_A_GT14829170,,unknown,HCA_A_GT14829170,UNKNOWN,EGAN00004543339,"Illumina sequencing of library SQPP-54690-I:B5, constructed from sample accession EGAN00004543339 for study accession EGAS00001008257.  This is part of an Illumina multiplexed sequencing run (49061).  This submission includes reads tagged with the sequence ACCTCGAGCT.",SQPP-54690-I:B5,Chromium single cell TCR,550.0,,ILLUMINA,Illumina NovaSeq 6000,PAIRED,RNA-Seq,TRANSCRIPTOMIC SINGLE CELL,PolyA,EGAS00001008257,EGAX00003579948
EGAF00008931274,HCA_A_GT14829154,,unknown,HCA_A_GT14829154,UNKNOWN,EGAN00004543323,"Illumina sequencing of library SQPP-54690-I:B3, constructed from sample accession EGAN00004543323 for study accession EGAS00001008257.  This is part of an Illumina multiplexed sequencing run (49061).  This submission includes reads tagged with the sequence TGGTCCCAAG.",SQPP-54690-I:B3,Chromium single cell TCR,550.0,,ILLUMINA,Illumina NovaSeq 6000,PAIRED,RNA-Seq,TRANSCRIPTOMIC SINGLE CELL,PolyA,EGAS00001008257,EGAX00003579949
EGAF00008931275,HCA_A_GT14829181,,unknown,HCA_A_GT14829181,UNKNOWN,EGAN00004543350,"Illumina sequencing of library SQPP-54690-I:E6, constructed from sample accession EGAN00004543350 for study accession EGAS00001008257.  This is part of an Illumina multiplexed sequencing run (49061).  This submission includes reads tagged with the sequence CACGGTGAAT.",SQPP-54690-I:E6,Chromium single cell TCR,550.0,,ILLUMINA,Illumina NovaSeq 6000,PAIRED,RNA-Seq,TRANSCRIPTOMIC SINGLE CELL,PolyA,EGAS00001008257,EGAX00003579950
EGAF00008931276,HCA_A_GT14829140,,unknown,HCA_A_GT14829140,UNKNOWN,EGAN00004543308,"Illumina sequencing of library SQPP-54690-I:D1, constructed from sample accession EGAN00004543308 for study accession EGAS00001008257.  This is part of an Illumina multiplexed sequencing run (49061).  This submission includes reads tagged with the sequence TGTAGTCATT.",SQPP-54690-I:D1,Chromium single cell 5 prime,550.0,,ILLUMINA,Illumina NovaSeq 6000,PAIRED,RNA-Seq,TRANSCRIPTOMIC SINGLE CELL,PolyA,EGAS00001008257,EGAX00003579925
EGAF00008931277,HCA_A_GT14829167,,unknown,HCA_A_GT14829167,UNKNOWN,EGAN00004543335,"Illumina sequencing of library SQPP-54690-I:G4, constructed from sample accession EGAN00004543335 for study accession EGAS00001008257.  This is part of an Illumina multiplexed sequencing run (49061).  This submission includes reads tagged with the sequence GAGAGGATAT.",SQPP-54690-I:G4,Chromium single cell TCR,550.0,,ILLUMINA,Illumina NovaSeq 6000,PAIRED,RNA-Seq,TRANSCRIPTOMIC SINGLE CELL,PolyA,EGAS00001008257,EGAX00003579951
EGAF00008931278,HCA_A_GT14829143,,unknown,HCA_A_GT14829143,UNKNOWN,EGAN00004543312,"Illumina sequencing of library SQPP-54690-I:G1, constructed from sample accession EGAN00004543312 for study accession EGAS00001008257.  This is part of an Illumina multiplexed sequencing run (49061).  This submission includes reads tagged with the sequence GAGCAAGGGC.",SQPP-54690-I:G1,Chromium single cell 5 prime,550.0,,ILLUMINA,Illumina NovaSeq 6000,PAIRED,RNA-Seq,TRANSCRIPTOMIC SINGLE CELL,PolyA,EGAS00001008257,EGAX00003579952
EGAF00008931279,HCA_A_GT14829180,,unknown,HCA_A_GT14829180,UNKNOWN,EGAN00004543349,"Illumina sequencing of library SQPP-54690-I:D6, constructed from sample accession EGAN00004543349 for study accession EGAS00001008257.  This is part of an Illumina multiplexed sequencing run (49061).  This submission includes reads tagged with the sequence CGAAGTATAC.",SQPP-54690-I:D6,Chromium single cell TCR,550.0,,ILLUMINA,Illumina NovaSeq 6000,PAIRED,RNA-Seq,TRANSCRIPTOMIC SINGLE CELL,PolyA,EGAS00001008257,EGAX00003579953
EGAF00008931280,HCA_A_GT14829147,,unknown,HCA_A_GT14829147,UNKNOWN,EGAN00004543318,"Illumina sequencing of library SQPP-54690-I:C2, constructed from sample accession EGAN00004543318 for study accession EGAS00001008257.  This is part of an Illumina multiplexed sequencing run (49061).  This submission includes reads tagged with the sequence GCACTGAGAA.",SQPP-54690-I:C2,Chromium single cell 5 prime,550.0,,ILLUMINA,Illumina NovaSeq 6000,PAIRED,RNA-Seq,TRANSCRIPTOMIC SINGLE CELL,PolyA,EGAS00001008257,EGAX00003579954
EGAF00008931281,HCA_A_GT14829145,,unknown,HCA_A_GT14829145,UNKNOWN,EGAN00004543314,"Illumina sequencing of library SQPP-54690-I:A2, constructed from sample accession EGAN00004543314 for study accession EGAS00001008257.  This is part of an Illumina multiplexed sequencing run (49061).  This submission includes reads tagged with the sequence CCGGAGGAAG.",SQPP-54690-I:A2,Chromium single cell 5 prime,550.0,,ILLUMINA,Illumina NovaSeq 6000,PAIRED,RNA-Seq,TRANSCRIPTOMIC SINGLE CELL,PolyA,EGAS00001008257,EGAX00003579955
EGAF00008931282,HCA_A_GT14829172,,unknown,HCA_A_GT14829172,UNKNOWN,EGAN00004543341,"Illumina sequencing of library SQPP-54690-I:D5, constructed from sample accession EGAN00004543341 for study accession EGAS00001008257.  This is part of an Illumina multiplexed sequencing run (49061).  This submission includes reads tagged with the sequence TCCGTTGGAT.",SQPP-54690-I:D5,Chromium single cell TCR,550.0,,ILLUMINA,Illumina NovaSeq 6000,PAIRED,RNA-Seq,TRANSCRIPTOMIC SINGLE CELL,PolyA,EGAS00001008257,EGAX00003579956
EGAF00008931283,HCA_A_GT14829138,,unknown,HCA_A_GT14829138,UNKNOWN,EGAN00004543307,"Illumina sequencing of library SQPP-54690-I:B1, constructed from sample accession EGAN00004543307 for study accession EGAS00001008257.  This is part of an Illumina multiplexed sequencing run (49061).  This submission includes reads tagged with the sequence TGGTTCGGGT.",SQPP-54690-I:B1,Chromium single cell 5 prime,550.0,,ILLUMINA,Illumina NovaSeq 6000,PAIRED,RNA-Seq,TRANSCRIPTOMIC SINGLE CELL,PolyA,EGAS00001008257,EGAX00003579957
EGAF00008931284,HCA_A_GT14829175,,unknown,HCA_A_GT14829175,UNKNOWN,EGAN00004543346,"Illumina sequencing of library SQPP-54690-I:G5, constructed from sample accession EGAN00004543346 for study accession EGAS00001008257.  This is part of an Illumina multiplexed sequencing run (49061).  This submission includes reads tagged with the sequence CGGCTGGATG.",SQPP-54690-I:G5,Chromium single cell TCR,550.0,,ILLUMINA,Illumina NovaSeq 6000,PAIRED,RNA-Seq,TRANSCRIPTOMIC SINGLE CELL,PolyA,EGAS00001008257,EGAX00003579958
EGAF00008931285,HCA_A_GT14829169,,unknown,HCA_A_GT14829169,UNKNOWN,EGAN00004543338,"Illumina sequencing of library SQPP-54690-I:A5, constructed from sample accession EGAN00004543338 for study accession EGAS00001008257.  This is part of an Illumina multiplexed sequencing run (49061).  This submission includes reads tagged with the sequence AGCAAGAAGC.",SQPP-54690-I:A5,Chromium single cell TCR,550.0,,ILLUMINA,Illumina NovaSeq 6000,PAIRED,RNA-Seq,TRANSCRIPTOMIC SINGLE CELL,PolyA,EGAS00001008257,EGAX00003579959
EGAF00008931286,HCA_A_GT14829162,,unknown,HCA_A_GT14829162,UNKNOWN,EGAN00004543331,"Illumina sequencing of library SQPP-54690-I:B4, constructed from sample accession EGAN00004543331 for study accession EGAS00001008257.  This is part of an Illumina multiplexed sequencing run (49061).  This submission includes reads tagged with the sequence GCCTTCGGTA.",SQPP-54690-I:B4,Chromium single cell TCR,550.0,,ILLUMINA,Illumina NovaSeq 6000,PAIRED,RNA-Seq,TRANSCRIPTOMIC SINGLE CELL,PolyA,EGAS00001008257,EGAX00003579960
EGAF00008931287,HCA_A_GT14829149,,unknown,HCA_A_GT14829149,UNKNOWN,EGAN00004543317,"Illumina sequencing of library SQPP-54690-I:E2, constructed from sample accession EGAN00004543317 for study accession EGAS00001008257.  This is part of an Illumina multiplexed sequencing run (49061).  This submission includes reads tagged with the sequence AAGGGCCGCA.",SQPP-54690-I:E2,Chromium single cell 5 prime,550.0,,ILLUMINA,Illumina NovaSeq 6000,PAIRED,RNA-Seq,TRANSCRIPTOMIC SINGLE CELL,PolyA,EGAS00001008257,EGAX00003579926
EGAF00008931288,HCA_A_GT14829163,,unknown,HCA_A_GT14829163,UNKNOWN,EGAN00004543332,"Illumina sequencing of library SQPP-54690-I:C4, constructed from sample accession EGAN00004543332 for study accession EGAS00001008257.  This is part of an Illumina multiplexed sequencing run (49061).  This submission includes reads tagged with the sequence TCGTCAAGAT.",SQPP-54690-I:C4,Chromium single cell TCR,550.0,,ILLUMINA,Illumina NovaSeq 6000,PAIRED,RNA-Seq,TRANSCRIPTOMIC SINGLE CELL,PolyA,EGAS00001008257,EGAX00003579961
EGAF00008931289,HCA_A_GT14829171,,unknown,HCA_A_GT14829171,UNKNOWN,EGAN00004543340,"Illumina sequencing of library SQPP-54690-I:C5, constructed from sample accession EGAN00004543340 for study accession EGAS00001008257.  This is part of an Illumina multiplexed sequencing run (49061).  This submission includes reads tagged with the sequence TGATGATTCA.",SQPP-54690-I:C5,Chromium single cell TCR,550.0,,ILLUMINA,Illumina NovaSeq 6000,PAIRED,RNA-Seq,TRANSCRIPTOMIC SINGLE CELL,PolyA,EGAS00001008257,EGAX00003579962
EGAF00008931290,HCA_A_GT14829148,,unknown,HCA_A_GT14829148,UNKNOWN,EGAN00004543315,"Illumina sequencing of library SQPP-54690-I:D2, constructed from sample accession EGAN00004543315 for study accession EGAS00001008257.  This is part of an Illumina multiplexed sequencing run (49061).  This submission includes reads tagged with the sequence TGTCCCAACG.",SQPP-54690-I:D2,Chromium single cell 5 prime,550.0,,ILLUMINA,Illumina NovaSeq 6000,PAIRED,RNA-Seq,TRANSCRIPTOMIC SINGLE CELL,PolyA,EGAS00001008257,EGAX00003579963
EGAF00008931291,HCA_A_GT14829159,,unknown,HCA_A_GT14829159,UNKNOWN,EGAN00004543328,"Illumina sequencing of library SQPP-54690-I:G3, constructed from sample accession EGAN00004543328 for study accession EGAS00001008257.  This is part of an Illumina multiplexed sequencing run (49061).  This submission includes reads tagged with the sequence GTCCCATCAA.",SQPP-54690-I:G3,Chromium single cell TCR,550.0,,ILLUMINA,Illumina NovaSeq 6000,PAIRED,RNA-Seq,TRANSCRIPTOMIC SINGLE CELL,PolyA,EGAS00001008257,EGAX00003579964
EGAF00008931292,HCA_A_GT14829179,,unknown,HCA_A_GT14829179,UNKNOWN,EGAN00004543348,"Illumina sequencing of library SQPP-54690-I:C6, constructed from sample accession EGAN00004543348 for study accession EGAS00001008257.  This is part of an Illumina multiplexed sequencing run (49061).  This submission includes reads tagged with the sequence AGAACTTAGA.",SQPP-54690-I:C6,Chromium single cell TCR,550.0,,ILLUMINA,Illumina NovaSeq 6000,PAIRED,RNA-Seq,TRANSCRIPTOMIC SINGLE CELL,PolyA,EGAS00001008257,EGAX00003579965
EGAF00008931293,HCA_A_GT14829192,,unknown,HCA_A_GT14829192,UNKNOWN,EGAN00004543360,"Illumina sequencing of library SQPP-54690-I:H7, constructed from sample accession EGAN00004543360 for study accession EGAS00001008257.  This is part of an Illumina multiplexed sequencing run (49061).  This submission includes reads tagged with the sequence TTACAATCGT.",SQPP-54690-I:H7,Chromium single cell surface protein,550.0,,ILLUMINA,Illumina NovaSeq 6000,PAIRED,RNA-Seq,TRANSCRIPTOMIC SINGLE CELL,PolyA,EGAS00001008257,EGAX00003579966
EGAF00008931294,HCA_A_GT14829191,,unknown,HCA_A_GT14829191,UNKNOWN,EGAN00004543361,"Illumina sequencing of library SQPP-54690-I:G7, constructed from sample accession EGAN00004543361 for study accession EGAS00001008257.  This is part of an Illumina multiplexed sequencing run (49061).  This submission includes reads tagged with the sequence TACTGCAATA.",SQPP-54690-I:G7,Chromium single cell surface protein,550.0,,ILLUMINA,Illumina NovaSeq 6000,PAIRED,RNA-Seq,TRANSCRIPTOMIC SINGLE CELL,PolyA,EGAS00001008257,EGAX00003579967
EGAF00008931295,HCA_A_GT14829176,,unknown,HCA_A_GT14829176,UNKNOWN,EGAN00004543344,"Illumina sequencing of library SQPP-54690-I:H5, constructed from sample accession EGAN00004543344 for study accession EGAS00001008257.  This is part of an Illumina multiplexed sequencing run (49061).  This submission includes reads tagged with the sequence TTCACACCTT.",SQPP-54690-I:H5,Chromium single cell TCR,550.0,,ILLUMINA,Illumina NovaSeq 6000,PAIRED,RNA-Seq,TRANSCRIPTOMIC SINGLE CELL,PolyA,EGAS00001008257,EGAX00003579968
EGAF00008931296,HCA_A_GT14829150,,unknown,HCA_A_GT14829150,UNKNOWN,EGAN00004543319,"Illumina sequencing of library SQPP-54690-I:F2, constructed from sample accession EGAN00004543319 for study accession EGAS00001008257.  This is part of an Illumina multiplexed sequencing run (49061).  This submission includes reads tagged with the sequence GATAACCTGC.",SQPP-54690-I:F2,Chromium single cell 5 prime,550.0,,ILLUMINA,Illumina NovaSeq 6000,PAIRED,RNA-Seq,TRANSCRIPTOMIC SINGLE CELL,PolyA,EGAS00001008257,EGAX00003579969
EGAF00008931297,HCA_A_GT14829189,,unknown,HCA_A_GT14829189,UNKNOWN,EGAN00004543358,"Illumina sequencing of library SQPP-54690-I:E7, constructed from sample accession EGAN00004543358 for study accession EGAS00001008257.  This is part of an Illumina multiplexed sequencing run (49061).  This submission includes reads tagged with the sequence GAGCGAAAGC.",SQPP-54690-I:E7,Chromium single cell surface protein,550.0,,ILLUMINA,Illumina NovaSeq 6000,PAIRED,RNA-Seq,TRANSCRIPTOMIC SINGLE CELL,PolyA,EGAS00001008257,EGAX00003579970
EGAF00008931298,HCA_A_GT14829160,,unknown,HCA_A_GT14829160,UNKNOWN,EGAN00004543330,"Illumina sequencing of library SQPP-54690-I:H3, constructed from sample accession EGAN00004543330 for study accession EGAS00001008257.  This is part of an Illumina multiplexed sequencing run (49061).  This submission includes reads tagged with the sequence CATGTGGGTT.",SQPP-54690-I:H3,Chromium single cell TCR,550.0,,ILLUMINA,Illumina NovaSeq 6000,PAIRED,RNA-Seq,TRANSCRIPTOMIC SINGLE CELL,PolyA,EGAS00001008257,EGAX00003579927
EGAF00008931299,HCA_A_GT14829184,,unknown,HCA_A_GT14829184,UNKNOWN,EGAN00004543353,"Illumina sequencing of library SQPP-54690-I:H6, constructed from sample accession EGAN00004543353 for study accession EGAS00001008257.  This is part of an Illumina multiplexed sequencing run (49061).  This submission includes reads tagged with the sequence GCTGGGATGC.",SQPP-54690-I:H6,Chromium single cell surface protein,550.0,,ILLUMINA,Illumina NovaSeq 6000,PAIRED,RNA-Seq,TRANSCRIPTOMIC SINGLE CELL,PolyA,EGAS00001008257,EGAX00003579971
EGAF00008931300,HCA_A_GT14829185,,unknown,HCA_A_GT14829185,UNKNOWN,EGAN00004543354,"Illumina sequencing of library SQPP-54690-I:A7, constructed from sample accession EGAN00004543354 for study accession EGAS00001008257.  This is part of an Illumina multiplexed sequencing run (49061).  This submission includes reads tagged with the sequence TTTGCTGGGT.",SQPP-54690-I:A7,Chromium single cell surface protein,550.0,,ILLUMINA,Illumina NovaSeq 6000,PAIRED,RNA-Seq,TRANSCRIPTOMIC SINGLE CELL,PolyA,EGAS00001008257,EGAX00003579972
EGAF00008931301,HCA_A_GT14829183,,unknown,HCA_A_GT14829183,UNKNOWN,EGAN00004543352,"Illumina sequencing of library SQPP-54690-I:G6, constructed from sample accession EGAN00004543352 for study accession EGAS00001008257.  This is part of an Illumina multiplexed sequencing run (49061).  This submission includes reads tagged with the sequence AGCGCCTTGC.",SQPP-54690-I:G6,Chromium single cell surface protein,550.0,,ILLUMINA,Illumina NovaSeq 6000,PAIRED,RNA-Seq,TRANSCRIPTOMIC SINGLE CELL,PolyA,EGAS00001008257,EGAX00003579973
EGAF00008931302,HCA_A_GT14829182,,unknown,HCA_A_GT14829182,UNKNOWN,EGAN00004543351,"Illumina sequencing of library SQPP-54690-I:F6, constructed from sample accession EGAN00004543351 for study accession EGAS00001008257.  This is part of an Illumina multiplexed sequencing run (49061).  This submission includes reads tagged with the sequence ACGAGCGGAA.",SQPP-54690-I:F6,Chromium single cell surface protein,550.0,,ILLUMINA,Illumina NovaSeq 6000,PAIRED,RNA-Seq,TRANSCRIPTOMIC SINGLE CELL,PolyA,EGAS00001008257,EGAX00003579974
EGAF00008931303,HCA_A_GT14829194,,unknown,HCA_A_GT14829194,UNKNOWN,EGAN00004543363,"Illumina sequencing of library SQPP-54690-I:B8, constructed from sample accession EGAN00004543363 for study accession EGAS00001008257.  This is part of an Illumina multiplexed sequencing run (49061).  This submission includes reads tagged with the sequence AAGTTAGTAC.",SQPP-54690-I:B8,Chromium single cell surface protein,550.0,,ILLUMINA,Illumina NovaSeq 6000,PAIRED,RNA-Seq,TRANSCRIPTOMIC SINGLE CELL,PolyA,EGAS00001008257,EGAX00003579975
EGAF00008931304,HCA_A_GT14829186,,unknown,HCA_A_GT14829186,UNKNOWN,EGAN00004543355,"Illumina sequencing of library SQPP-54690-I:B7, constructed from sample accession EGAN00004543355 for study accession EGAS00001008257.  This is part of an Illumina multiplexed sequencing run (49061).  This submission includes reads tagged with the sequence GATGGAAGGT.",SQPP-54690-I:B7,Chromium single cell surface protein,550.0,,ILLUMINA,Illumina NovaSeq 6000,PAIRED,RNA-Seq,TRANSCRIPTOMIC SINGLE CELL,PolyA,EGAS00001008257,EGAX00003579976
EGAF00008931305,HCA_A_GT14829195,,unknown,HCA_A_GT14829195,UNKNOWN,EGAN00004543364,"Illumina sequencing of library SQPP-54690-I:C8, constructed from sample accession EGAN00004543364 for study accession EGAS00001008257.  This is part of an Illumina multiplexed sequencing run (49061).  This submission includes reads tagged with the sequence GACAATTGGG.",SQPP-54690-I:C8,Chromium single cell surface protein,550.0,,ILLUMINA,Illumina NovaSeq 6000,PAIRED,RNA-Seq,TRANSCRIPTOMIC SINGLE CELL,PolyA,EGAS00001008257,EGAX00003579977
EGAF00008931306,HCA_A_GT14829196,,unknown,HCA_A_GT14829196,UNKNOWN,EGAN00004543365,"Illumina sequencing of library SQPP-54690-I:D8, constructed from sample accession EGAN00004543365 for study accession EGAS00001008257.  This is part of an Illumina multiplexed sequencing run (49061).  This submission includes reads tagged with the sequence CCTAGGCAAA.",SQPP-54690-I:D8,Chromium single cell surface protein,550.0,,ILLUMINA,Illumina NovaSeq 6000,PAIRED,RNA-Seq,TRANSCRIPTOMIC SINGLE CELL,PolyA,EGAS00001008257,EGAX00003579978
EGAF00008931307,HCA_A_GT14829187,,unknown,HCA_A_GT14829187,UNKNOWN,EGAN00004543356,"Illumina sequencing of library SQPP-54690-I:C7, constructed from sample accession EGAN00004543356 for study accession EGAS00001008257.  This is part of an Illumina multiplexed sequencing run (49061).  This submission includes reads tagged with the sequence AGCCTTCTCT.",SQPP-54690-I:C7,Chromium single cell surface protein,550.0,,ILLUMINA,Illumina NovaSeq 6000,PAIRED,RNA-Seq,TRANSCRIPTOMIC SINGLE CELL,PolyA,EGAS00001008257,EGAX00003579979
EGAF00008931308,HCA_A_GT14829193,,unknown,HCA_A_GT14829193,UNKNOWN,EGAN00004543362,"Illumina sequencing of library SQPP-54690-I:A8, constructed from sample accession EGAN00004543362 for study accession EGAS00001008257.  This is part of an Illumina multiplexed sequencing run (49061).  This submission includes reads tagged with the sequence GTCATCCTAT.",SQPP-54690-I:A8,Chromium single cell surface protein,550.0,,ILLUMINA,Illumina NovaSeq 6000,PAIRED,RNA-Seq,TRANSCRIPTOMIC SINGLE CELL,PolyA,EGAS00001008257,EGAX00003579980
EGAF00008931309,HCA_A_GT14829178,,unknown,HCA_A_GT14829178,UNKNOWN,EGAN00004543347,"Illumina sequencing of library SQPP-54690-I:B6, constructed from sample accession EGAN00004543347 for study accession EGAS00001008257.  This is part of an Illumina multiplexed sequencing run (49061).  This submission includes reads tagged with the sequence TAGCATAGTG.",SQPP-54690-I:B6,Chromium single cell TCR,550.0,,ILLUMINA,Illumina NovaSeq 6000,PAIRED,RNA-Seq,TRANSCRIPTOMIC SINGLE CELL,PolyA,EGAS00001008257,EGAX00003579928
EGAF00008931310,HCA_A_GT14829188,,unknown,HCA_A_GT14829188,UNKNOWN,EGAN00004543357,"Illumina sequencing of library SQPP-54690-I:D7, constructed from sample accession EGAN00004543357 for study accession EGAS00001008257.  This is part of an Illumina multiplexed sequencing run (49061).  This submission includes reads tagged with the sequence TTAACGGACG.",SQPP-54690-I:D7,Chromium single cell surface protein,550.0,,ILLUMINA,Illumina NovaSeq 6000,PAIRED,RNA-Seq,TRANSCRIPTOMIC SINGLE CELL,PolyA,EGAS00001008257,EGAX00003579981
EGAF00008931311,HCA_A_GT14829190,,unknown,HCA_A_GT14829190,UNKNOWN,EGAN00004543359,"Illumina sequencing of library SQPP-54690-I:F7, constructed from sample accession EGAN00004543359 for study accession EGAS00001008257.  This is part of an Illumina multiplexed sequencing run (49061).  This submission includes reads tagged with the sequence AGTGGAGGGA.",SQPP-54690-I:F7,Chromium single cell surface protein,550.0,,ILLUMINA,Illumina NovaSeq 6000,PAIRED,RNA-Seq,TRANSCRIPTOMIC SINGLE CELL,PolyA,EGAS00001008257,EGAX00003579982
EGAF00008931312,HCA_A_GT14829141,,unknown,HCA_A_GT14829141,UNKNOWN,EGAN00004543310,"Illumina sequencing of library SQPP-54690-I:E1, constructed from sample accession EGAN00004543310 for study accession EGAS00001008257.  This is part of an Illumina multiplexed sequencing run (49061).  This submission includes reads tagged with the sequence TCTACCATTT.",SQPP-54690-I:E1,Chromium single cell 5 prime,550.0,,ILLUMINA,Illumina NovaSeq 6000,PAIRED,RNA-Seq,TRANSCRIPTOMIC SINGLE CELL,PolyA,EGAS00001008257,EGAX00003579929
EGAF00008931313,HCA_A_GT14829161,,unknown,HCA_A_GT14829161,UNKNOWN,EGAN00004543329,"Illumina sequencing of library SQPP-54690-I:A4, constructed from sample accession EGAN00004543329 for study accession EGAS00001008257.  This is part of an Illumina multiplexed sequencing run (49061).  This submission includes reads tagged with the sequence CTCTAGCGAG.",SQPP-54690-I:A4,Chromium single cell TCR,550.0,,ILLUMINA,Illumina NovaSeq 6000,PAIRED,RNA-Seq,TRANSCRIPTOMIC SINGLE CELL,PolyA,EGAS00001008257,EGAX00003579930
EGAF00008931314,HCA_A_GT14829153,,unknown,HCA_A_GT14829153,UNKNOWN,EGAN00004543322,"Illumina sequencing of library SQPP-54690-I:A3, constructed from sample accession EGAN00004543322 for study accession EGAS00001008257.  This is part of an Illumina multiplexed sequencing run (49061).  This submission includes reads tagged with the sequence TTCTCGATGA.",SQPP-54690-I:A3,Chromium single cell TCR,550.0,,ILLUMINA,Illumina NovaSeq 6000,PAIRED,RNA-Seq,TRANSCRIPTOMIC SINGLE CELL,PolyA,EGAS00001008257,EGAX00003579931
EGAF00008934668,HCA_A_GT13415155,,unknown,,UNKNOWN,EGAN00004714147,"Illumina sequencing of library SQPP-12326-J:E1, constructed from sample accession EGAN00004714147 for study accession EGAS00001008257.  This is part of an Illumina multiplexed sequencing run (46683_1).  This submission includes reads tagged with the sequence AAGATTGGAT.",SQPP-12326-J:E1,Chromium single cell TCR,550.0,,ILLUMINA,Illumina NovaSeq 6000,PAIRED,RNA-Seq,TRANSCRIPTOMIC SINGLE CELL,PolyA,EGAS00001008257,EGAX00003580469
EGAF00008934669,HCA_A_GT13415156,,unknown,,UNKNOWN,EGAN00004714148,"Illumina sequencing of library SQPP-12326-J:F1, constructed from sample accession EGAN00004714148 for study accession EGAS00001008257.  This is part of an Illumina multiplexed sequencing run (46683_1).  This submission includes reads tagged with the sequence GCGGGTAAGT.",SQPP-12326-J:F1,Chromium single cell TCR,550.0,,ILLUMINA,Illumina NovaSeq 6000,PAIRED,RNA-Seq,TRANSCRIPTOMIC SINGLE CELL,PolyA,EGAS00001008257,EGAX00003580470
EGAF00008934670,HCA_A_GT13415153,,unknown,,UNKNOWN,EGAN00004714145,"Illumina sequencing of library SQPP-12326-J:C1, constructed from sample accession EGAN00004714145 for study accession EGAS00001008257.  This is part of an Illumina multiplexed sequencing run (46683_1).  This submission includes reads tagged with the sequence TCCGGGACAA.",SQPP-12326-J:C1,Chromium single cell TCR,550.0,,ILLUMINA,Illumina NovaSeq 6000,PAIRED,RNA-Seq,TRANSCRIPTOMIC SINGLE CELL,PolyA,EGAS00001008257,EGAX00003580471
EGAF00008934671,HCA_A_GT13415152,,unknown,,UNKNOWN,EGAN00004714144,"Illumina sequencing of library SQPP-12326-J:B1, constructed from sample accession EGAN00004714144 for study accession EGAS00001008257.  This is part of an Illumina multiplexed sequencing run (46683_1).  This submission includes reads tagged with the sequence ACAATCGATC.",SQPP-12326-J:B1,Chromium single cell 5 prime,550.0,,ILLUMINA,Illumina NovaSeq 6000,PAIRED,RNA-Seq,TRANSCRIPTOMIC SINGLE CELL,PolyA,EGAS00001008257,EGAX00003580472
EGAF00008934672,HCA_A_GT13415157,,unknown,,UNKNOWN,EGAN00004714149,"Illumina sequencing of library SQPP-12326-J:G1, constructed from sample accession EGAN00004714149 for study accession EGAS00001008257.  This is part of an Illumina multiplexed sequencing run (46683_1).  This submission includes reads tagged with the sequence CATAGTTCGC.",SQPP-12326-J:G1,Chromium single cell surface protein,550.0,,ILLUMINA,Illumina NovaSeq 6000,PAIRED,RNA-Seq,TRANSCRIPTOMIC SINGLE CELL,PolyA,EGAS00001008257,EGAX00003580473
EGAF00008942480,HCA_A_GT16197274,,female,,UNKNOWN,EGAN00004746911,ILLUMINA sequencing of sample accession EGAN00004746911 for study accession EGAS00001008257. ,,,,,ILLUMINA,Illumina NovaSeq 6000,PAIRED,RNA-Seq,TRANSCRIPTOMIC SINGLE CELL,PolyA,EGAS00001008257,EGAX00003583842
EGAF00008942481,HCA_A_GT16197275,,female,,UNKNOWN,EGAN00004746910,ILLUMINA sequencing of sample accession EGAN00004746910 for study accession EGAS00001008257. ,,,,,ILLUMINA,Illumina NovaSeq 6000,PAIRED,OTHER,TRANSCRIPTOMIC SINGLE CELL,PolyA,EGAS00001008257,EGAX00003583843
EGAF00008942482,HCA_A_GT16197276,,female,,UNKNOWN,EGAN00004746912,ILLUMINA sequencing of sample accession EGAN00004746912 for study accession EGAS00001008257. ,,,,,ILLUMINA,Illumina NovaSeq 6000,PAIRED,AMPLICON,TRANSCRIPTOMIC SINGLE CELL,PolyA,EGAS00001008257,EGAX00003583844
EGAF00008942483,HCA_A_GT16197277,,female,,UNKNOWN,EGAN00004746913,ILLUMINA sequencing of sample accession EGAN00004746913 for study accession EGAS00001008257. ,,,,,ILLUMINA,Illumina NovaSeq 6000,PAIRED,AMPLICON,TRANSCRIPTOMIC SINGLE CELL,PolyA,EGAS00001008257,EGAX00003583845
EGAF00008942484,HCA_A_GT16197278,,male,,UNKNOWN,EGAN00004746914,ILLUMINA sequencing of sample accession EGAN00004746914 for study accession EGAS00001008257. ,,,,,ILLUMINA,Illumina NovaSeq 6000,PAIRED,RNA-Seq,TRANSCRIPTOMIC SINGLE CELL,PolyA,EGAS00001008257,EGAX00003583846
EGAF00008942485,HCA_A_GT16197279,,male,,UNKNOWN,EGAN00004746915,ILLUMINA sequencing of sample accession EGAN00004746915 for study accession EGAS00001008257. ,,,,,ILLUMINA,Illumina NovaSeq 6000,PAIRED,OTHER,TRANSCRIPTOMIC SINGLE CELL,PolyA,EGAS00001008257,EGAX00003583847
EGAF00008942486,HCA_A_GT16197280,,male,,UNKNOWN,EGAN00004746916,ILLUMINA sequencing of sample accession EGAN00004746916 for study accession EGAS00001008257. ,,,,,ILLUMINA,Illumina NovaSeq 6000,PAIRED,AMPLICON,TRANSCRIPTOMIC SINGLE CELL,PolyA,EGAS00001008257,EGAX00003583848
EGAF00008942487,HCA_A_GT16197281,,male,,UNKNOWN,EGAN00004746917,ILLUMINA sequencing of sample accession EGAN00004746917 for study accession EGAS00001008257. ,,,,,ILLUMINA,Illumina NovaSeq 6000,PAIRED,AMPLICON,TRANSCRIPTOMIC SINGLE CELL,PolyA,EGAS00001008257,EGAX00003583849
EGAF00008942488,HCA_A_GT16197282,,female,,UNKNOWN,EGAN00004746918,ILLUMINA sequencing of sample accession EGAN00004746918 for study accession EGAS00001008257. ,,,,,ILLUMINA,Illumina NovaSeq 6000,PAIRED,RNA-Seq,TRANSCRIPTOMIC SINGLE CELL,PolyA,EGAS00001008257,EGAX00003583850
EGAF00008942489,HCA_A_GT16197283,,female,,UNKNOWN,EGAN00004746919,ILLUMINA sequencing of sample accession EGAN00004746919 for study accession EGAS00001008257. ,,,,,ILLUMINA,Illumina NovaSeq 6000,PAIRED,OTHER,TRANSCRIPTOMIC SINGLE CELL,PolyA,EGAS00001008257,EGAX00003583851
EGAF00008942490,HCA_A_GT16197284,,female,,UNKNOWN,EGAN00004746920,ILLUMINA sequencing of sample accession EGAN00004746920 for study accession EGAS00001008257. ,,,,,ILLUMINA,Illumina NovaSeq 6000,PAIRED,AMPLICON,TRANSCRIPTOMIC SINGLE CELL,PolyA,EGAS00001008257,EGAX00003583852
EGAF00008942491,HCA_A_GT16197285,,female,,UNKNOWN,EGAN00004746921,ILLUMINA sequencing of sample accession EGAN00004746921 for study accession EGAS00001008257. ,,,,,ILLUMINA,Illumina NovaSeq 6000,PAIRED,AMPLICON,TRANSCRIPTOMIC SINGLE CELL,PolyA,EGAS00001008257,EGAX00003583853
EGAF00008942492,HCA_A_GT16197286,,female,,UNKNOWN,EGAN00004746922,ILLUMINA sequencing of sample accession EGAN00004746922 for study accession EGAS00001008257. ,,,,,ILLUMINA,Illumina NovaSeq 6000,PAIRED,RNA-Seq,TRANSCRIPTOMIC SINGLE CELL,PolyA,EGAS00001008257,EGAX00003583854
EGAF00008942493,HCA_A_GT16197287,,female,,UNKNOWN,EGAN00004746923,ILLUMINA sequencing of sample accession EGAN00004746923 for study accession EGAS00001008257. ,,,,,ILLUMINA,Illumina NovaSeq 6000,PAIRED,OTHER,TRANSCRIPTOMIC SINGLE CELL,PolyA,EGAS00001008257,EGAX00003583855
EGAF00008942494,HCA_A_GT16197288,,female,,UNKNOWN,EGAN00004746925,ILLUMINA sequencing of sample accession EGAN00004746925 for study accession EGAS00001008257. ,,,,,ILLUMINA,Illumina NovaSeq 6000,PAIRED,AMPLICON,TRANSCRIPTOMIC SINGLE CELL,PolyA,EGAS00001008257,EGAX00003583856
EGAF00008942495,HCA_A_GT16197289,,female,,UNKNOWN,EGAN00004746924,ILLUMINA sequencing of sample accession EGAN00004746924 for study accession EGAS00001008257. ,,,,,ILLUMINA,Illumina NovaSeq 6000,PAIRED,AMPLICON,TRANSCRIPTOMIC SINGLE CELL,PolyA,EGAS00001008257,EGAX00003583857
EGAF00008942508,HCA_A_GT16197290,,female,,UNKNOWN,EGAN00004746926,ILLUMINA sequencing of sample accession EGAN00004746926 for study accession EGAS00001008257. ,,,,,ILLUMINA,Illumina NovaSeq 6000,PAIRED,RNA-Seq,TRANSCRIPTOMIC SINGLE CELL,PolyA,EGAS00001008257,EGAX00003583858
EGAF00008942509,HCA_A_GT16197294,,female,,UNKNOWN,EGAN00004746930,ILLUMINA sequencing of sample accession EGAN00004746930 for study accession EGAS00001008257. ,,,,,ILLUMINA,Illumina NovaSeq 6000,PAIRED,OTHER,TRANSCRIPTOMIC SINGLE CELL,PolyA,EGAS00001008257,EGAX00003583859
EGAF00008942510,HCA_A_GT16197298,,female,,UNKNOWN,EGAN00004746934,ILLUMINA sequencing of sample accession EGAN00004746934 for study accession EGAS00001008257. ,,,,,ILLUMINA,Illumina NovaSeq 6000,PAIRED,AMPLICON,TRANSCRIPTOMIC SINGLE CELL,PolyA,EGAS00001008257,EGAX00003583860
EGAF00008942511,HCA_A_GT16197302,,female,,UNKNOWN,EGAN00004746938,ILLUMINA sequencing of sample accession EGAN00004746938 for study accession EGAS00001008257. ,,,,,ILLUMINA,Illumina NovaSeq 6000,PAIRED,AMPLICON,TRANSCRIPTOMIC SINGLE CELL,PolyA,EGAS00001008257,EGAX00003583861
EGAF00008942512,HCA_A_GT16197291,,female,,UNKNOWN,EGAN00004746927,ILLUMINA sequencing of sample accession EGAN00004746927 for study accession EGAS00001008257. ,,,,,ILLUMINA,Illumina NovaSeq 6000,PAIRED,RNA-Seq,TRANSCRIPTOMIC SINGLE CELL,PolyA,EGAS00001008257,EGAX00003583862
EGAF00008942513,HCA_A_GT16197295,,female,,UNKNOWN,EGAN00004746931,ILLUMINA sequencing of sample accession EGAN00004746931 for study accession EGAS00001008257. ,,,,,ILLUMINA,Illumina NovaSeq 6000,PAIRED,OTHER,TRANSCRIPTOMIC SINGLE CELL,PolyA,EGAS00001008257,EGAX00003583863
EGAF00008942514,HCA_A_GT16197299,,female,,UNKNOWN,EGAN00004746935,ILLUMINA sequencing of sample accession EGAN00004746935 for study accession EGAS00001008257. ,,,,,ILLUMINA,Illumina NovaSeq 6000,PAIRED,AMPLICON,TRANSCRIPTOMIC SINGLE CELL,PolyA,EGAS00001008257,EGAX00003583864
EGAF00008942515,HCA_A_GT16197303,,female,,UNKNOWN,EGAN00004746937,ILLUMINA sequencing of sample accession EGAN00004746937 for study accession EGAS00001008257. ,,,,,ILLUMINA,Illumina NovaSeq 6000,PAIRED,AMPLICON,TRANSCRIPTOMIC SINGLE CELL,PolyA,EGAS00001008257,EGAX00003583865
EGAF00008942516,HCA_A_GT16197292,,female,,UNKNOWN,EGAN00004746928,ILLUMINA sequencing of sample accession EGAN00004746928 for study accession EGAS00001008257. ,,,,,ILLUMINA,Illumina NovaSeq 6000,PAIRED,RNA-Seq,TRANSCRIPTOMIC SINGLE CELL,PolyA,EGAS00001008257,EGAX00003583866
EGAF00008942517,HCA_A_GT16197296,,female,,UNKNOWN,EGAN00004746932,ILLUMINA sequencing of sample accession EGAN00004746932 for study accession EGAS00001008257. ,,,,,ILLUMINA,Illumina NovaSeq 6000,PAIRED,OTHER,TRANSCRIPTOMIC SINGLE CELL,PolyA,EGAS00001008257,EGAX00003583867
EGAF00008942518,HCA_A_GT16197300,,female,,UNKNOWN,EGAN00004746936,ILLUMINA sequencing of sample accession EGAN00004746936 for study accession EGAS00001008257. ,,,,,ILLUMINA,Illumina NovaSeq 6000,PAIRED,AMPLICON,TRANSCRIPTOMIC SINGLE CELL,PolyA,EGAS00001008257,EGAX00003583868
EGAF00008942519,HCA_A_GT16197304,,female,,UNKNOWN,EGAN00004746940,ILLUMINA sequencing of sample accession EGAN00004746940 for study accession EGAS00001008257. ,,,,,ILLUMINA,Illumina NovaSeq 6000,PAIRED,AMPLICON,TRANSCRIPTOMIC SINGLE CELL,PolyA,EGAS00001008257,EGAX00003583869
EGAF00008942520,HCA_A_GT16197293,,female,,UNKNOWN,EGAN00004746929,ILLUMINA sequencing of sample accession EGAN00004746929 for study accession EGAS00001008257. ,,,,,ILLUMINA,Illumina NovaSeq 6000,PAIRED,RNA-Seq,TRANSCRIPTOMIC SINGLE CELL,PolyA,EGAS00001008257,EGAX00003583870
EGAF00008942521,HCA_A_GT16197297,,female,,UNKNOWN,EGAN00004746933,ILLUMINA sequencing of sample accession EGAN00004746933 for study accession EGAS00001008257. ,,,,,ILLUMINA,Illumina NovaSeq 6000,PAIRED,OTHER,TRANSCRIPTOMIC SINGLE CELL,PolyA,EGAS00001008257,EGAX00003583871
EGAF00008942522,HCA_A_GT16197301,,female,,UNKNOWN,EGAN00004746939,ILLUMINA sequencing of sample accession EGAN00004746939 for study accession EGAS00001008257. ,,,,,ILLUMINA,Illumina NovaSeq 6000,PAIRED,AMPLICON,TRANSCRIPTOMIC SINGLE CELL,PolyA,EGAS00001008257,EGAX00003583872
EGAF00008942523,HCA_A_GT16197305,,female,,UNKNOWN,EGAN00004746941,ILLUMINA sequencing of sample accession EGAN00004746941 for study accession EGAS00001008257. ,,,,,ILLUMINA,Illumina NovaSeq 6000,PAIRED,AMPLICON,TRANSCRIPTOMIC SINGLE CELL,PolyA,EGAS00001008257,EGAX00003583873
EGAF00008947310,HCA_A_GT15282501,,unknown,HCA_A_GT15282501,UNKNOWN,EGAN00004620486,"Illumina sequencing of library SQPP-68433-O:B2, constructed from sample accession EGAN00004620486 for study accession EGAS00001008257.  This is part of an Illumina multiplexed sequencing run (49923_2).  This submission includes reads tagged with the sequence TGCGCGGTTT.",SQPP-68433-O:B2,Chromium single cell TCR,550.0,,ILLUMINA,Illumina NovaSeq 6000,PAIRED,RNA-Seq,TRANSCRIPTOMIC SINGLE CELL,PolyA,EGAS00001008257,EGAX00003584625
EGAF00008947311,HCA_A_GT15282495,,unknown,HCA_A_GT15282495,UNKNOWN,EGAN00004620481,"Illumina sequencing of library SQPP-68433-O:D1, constructed from sample accession EGAN00004620481 for study accession EGAS00001008257.  This is part of an Illumina multiplexed sequencing run (49923_2).  This submission includes reads tagged with the sequence ATGACGTCGC.",SQPP-68433-O:D1,Chromium single cell 5 prime,550.0,,ILLUMINA,Illumina NovaSeq 6000,PAIRED,RNA-Seq,TRANSCRIPTOMIC SINGLE CELL,PolyA,EGAS00001008257,EGAX00003584629
EGAF00008947312,HCA_A_GT15282503,,unknown,HCA_A_GT15282503,UNKNOWN,EGAN00004620488,"Illumina sequencing of library SQPP-68433-O:D2, constructed from sample accession EGAN00004620488 for study accession EGAS00001008257.  This is part of an Illumina multiplexed sequencing run (49923_2).  This submission includes reads tagged with the sequence CCCGTTCTCG.",SQPP-68433-O:D2,Chromium single cell TCR,550.0,,ILLUMINA,Illumina NovaSeq 6000,PAIRED,RNA-Seq,TRANSCRIPTOMIC SINGLE CELL,PolyA,EGAS00001008257,EGAX00003584630
EGAF00008947313,HCA_A_GT15282498,,unknown,HCA_A_GT15282498,UNKNOWN,EGAN00004620483,"Illumina sequencing of library SQPP-68433-O:G1, constructed from sample accession EGAN00004620483 for study accession EGAS00001008257.  This is part of an Illumina multiplexed sequencing run (49923_2).  This submission includes reads tagged with the sequence CCCACCACAA.",SQPP-68433-O:G1,Chromium single cell TCR,550.0,,ILLUMINA,Illumina NovaSeq 6000,PAIRED,RNA-Seq,TRANSCRIPTOMIC SINGLE CELL,PolyA,EGAS00001008257,EGAX00003584631
EGAF00008947314,HCA_A_GT15282504,,unknown,HCA_A_GT15282504,UNKNOWN,EGAN00004620819,"Illumina sequencing of library SQPP-68433-O:E2, constructed from sample accession EGAN00004620819 for study accession EGAS00001008257.  This is part of an Illumina multiplexed sequencing run (49923_2).  This submission includes reads tagged with the sequence TTTGCTGGGT.",SQPP-68433-O:E2,Chromium single cell surface protein,550.0,,ILLUMINA,Illumina NovaSeq 6000,PAIRED,RNA-Seq,TRANSCRIPTOMIC SINGLE CELL,PolyA,EGAS00001008257,EGAX00003584632
EGAF00008947315,HCA_A_GT15282493,,unknown,HCA_A_GT15282493,UNKNOWN,EGAN00004620478,"Illumina sequencing of library SQPP-68433-O:B1, constructed from sample accession EGAN00004620478 for study accession EGAS00001008257.  This is part of an Illumina multiplexed sequencing run (49923_2).  This submission includes reads tagged with the sequence TGCAATGTTC.",SQPP-68433-O:B1,Chromium single cell 5 prime,550.0,,ILLUMINA,Illumina NovaSeq 6000,PAIRED,RNA-Seq,TRANSCRIPTOMIC SINGLE CELL,PolyA,EGAS00001008257,EGAX00003584626
EGAF00008947316,HCA_A_GT15282500,,unknown,HCA_A_GT15282500,UNKNOWN,EGAN00004620485,"Illumina sequencing of library SQPP-68433-O:A2, constructed from sample accession EGAN00004620485 for study accession EGAS00001008257.  This is part of an Illumina multiplexed sequencing run (49923_2).  This submission includes reads tagged with the sequence CCCAGCTTCT.",SQPP-68433-O:A2,Chromium single cell TCR,550.0,,ILLUMINA,Illumina NovaSeq 6000,PAIRED,RNA-Seq,TRANSCRIPTOMIC SINGLE CELL,PolyA,EGAS00001008257,EGAX00003584633
EGAF00008947317,HCA_A_GT15282494,,unknown,HCA_A_GT15282494,UNKNOWN,EGAN00004620479,"Illumina sequencing of library SQPP-68433-O:C1, constructed from sample accession EGAN00004620479 for study accession EGAS00001008257.  This is part of an Illumina multiplexed sequencing run (49923_2).  This submission includes reads tagged with the sequence CTCCTTTAGA.",SQPP-68433-O:C1,Chromium single cell 5 prime,550.0,,ILLUMINA,Illumina NovaSeq 6000,PAIRED,RNA-Seq,TRANSCRIPTOMIC SINGLE CELL,PolyA,EGAS00001008257,EGAX00003584634
EGAF00008947318,HCA_A_GT15282499,,unknown,HCA_A_GT15282499,UNKNOWN,EGAN00004620484,"Illumina sequencing of library SQPP-68433-O:H1, constructed from sample accession EGAN00004620484 for study accession EGAS00001008257.  This is part of an Illumina multiplexed sequencing run (49923_2).  This submission includes reads tagged with the sequence TAAGCAACTG.",SQPP-68433-O:H1,Chromium single cell TCR,550.0,,ILLUMINA,Illumina NovaSeq 6000,PAIRED,RNA-Seq,TRANSCRIPTOMIC SINGLE CELL,PolyA,EGAS00001008257,EGAX00003584635
EGAF00008947319,HCA_A_GT15282505,,unknown,HCA_A_GT15282505,UNKNOWN,EGAN00004620821,"Illumina sequencing of library SQPP-68433-O:F2, constructed from sample accession EGAN00004620821 for study accession EGAS00001008257.  This is part of an Illumina multiplexed sequencing run (49923_2).  This submission includes reads tagged with the sequence GATGGAAGGT.",SQPP-68433-O:F2,Chromium single cell surface protein,550.0,,ILLUMINA,Illumina NovaSeq 6000,PAIRED,RNA-Seq,TRANSCRIPTOMIC SINGLE CELL,PolyA,EGAS00001008257,EGAX00003584636
EGAF00008947320,HCA_A_GT15282502,,unknown,HCA_A_GT15282502,UNKNOWN,EGAN00004620487,"Illumina sequencing of library SQPP-68433-O:C2, constructed from sample accession EGAN00004620487 for study accession EGAS00001008257.  This is part of an Illumina multiplexed sequencing run (49923_2).  This submission includes reads tagged with the sequence CGTGACATGC.",SQPP-68433-O:C2,Chromium single cell TCR,550.0,,ILLUMINA,Illumina NovaSeq 6000,PAIRED,RNA-Seq,TRANSCRIPTOMIC SINGLE CELL,PolyA,EGAS00001008257,EGAX00003584637
EGAF00008947321,HCA_A_GT15282497,,unknown,HCA_A_GT15282497,UNKNOWN,EGAN00004620482,"Illumina sequencing of library SQPP-68433-O:F1, constructed from sample accession EGAN00004620482 for study accession EGAS00001008257.  This is part of an Illumina multiplexed sequencing run (49923_2).  This submission includes reads tagged with the sequence ATGCGAATGG.",SQPP-68433-O:F1,Chromium single cell TCR,550.0,,ILLUMINA,Illumina NovaSeq 6000,PAIRED,RNA-Seq,TRANSCRIPTOMIC SINGLE CELL,PolyA,EGAS00001008257,EGAX00003584638
EGAF00008947322,HCA_A_GT15282492,,unknown,HCA_A_GT15282492,UNKNOWN,EGAN00004620477,"Illumina sequencing of library SQPP-68433-O:A1, constructed from sample accession EGAN00004620477 for study accession EGAS00001008257.  This is part of an Illumina multiplexed sequencing run (49923_2).  This submission includes reads tagged with the sequence CACCGCACCA.",SQPP-68433-O:A1,Chromium single cell 5 prime,550.0,,ILLUMINA,Illumina NovaSeq 6000,PAIRED,RNA-Seq,TRANSCRIPTOMIC SINGLE CELL,PolyA,EGAS00001008257,EGAX00003584639
EGAF00008947323,HCA_A_GT15282507,,unknown,HCA_A_GT15282507,UNKNOWN,EGAN00004620489,"Illumina sequencing of library SQPP-68433-O:H2, constructed from sample accession EGAN00004620489 for study accession EGAS00001008257.  This is part of an Illumina multiplexed sequencing run (49923_2).  This submission includes reads tagged with the sequence ATTGGCGCAA.",SQPP-68433-O:H2,Chromium single cell surface protein,550.0,,ILLUMINA,Illumina NovaSeq 6000,PAIRED,RNA-Seq,TRANSCRIPTOMIC SINGLE CELL,PolyA,EGAS00001008257,EGAX00003584640
EGAF00008947324,HCA_A_GT15282506,,unknown,HCA_A_GT15282506,UNKNOWN,EGAN00004620820,"Illumina sequencing of library SQPP-68433-O:G2, constructed from sample accession EGAN00004620820 for study accession EGAS00001008257.  This is part of an Illumina multiplexed sequencing run (49923_2).  This submission includes reads tagged with the sequence GTCATCCTAT.",SQPP-68433-O:G2,Chromium single cell surface protein,550.0,,ILLUMINA,Illumina NovaSeq 6000,PAIRED,RNA-Seq,TRANSCRIPTOMIC SINGLE CELL,PolyA,EGAS00001008257,EGAX00003584627
EGAF00008947325,HCA_A_GT15282496,,unknown,HCA_A_GT15282496,UNKNOWN,EGAN00004620480,"Illumina sequencing of library SQPP-68433-O:E1, constructed from sample accession EGAN00004620480 for study accession EGAS00001008257.  This is part of an Illumina multiplexed sequencing run (49923_2).  This submission includes reads tagged with the sequence GTGGATCAAA.",SQPP-68433-O:E1,Chromium single cell TCR,550.0,,ILLUMINA,Illumina NovaSeq 6000,PAIRED,RNA-Seq,TRANSCRIPTOMIC SINGLE CELL,PolyA,EGAS00001008257,EGAX00003584628
EGAF00008947326,HCA_A_GT15282501,,unknown,HCA_A_GT15282501,UNKNOWN,EGAN00004620486,"Illumina sequencing of library SQPP-68433-O:B2, constructed from sample accession EGAN00004620486 for study accession EGAS00001008257.  This is part of an Illumina multiplexed sequencing run (49923_3).  This submission includes reads tagged with the sequence TGCGCGGTTT.",SQPP-68433-O:B2,Chromium single cell TCR,550.0,,ILLUMINA,Illumina NovaSeq 6000,PAIRED,RNA-Seq,TRANSCRIPTOMIC SINGLE CELL,PolyA,EGAS00001008257,EGAX00003584641
EGAF00008947327,HCA_A_GT15282495,,unknown,HCA_A_GT15282495,UNKNOWN,EGAN00004620481,"Illumina sequencing of library SQPP-68433-O:D1, constructed from sample accession EGAN00004620481 for study accession EGAS00001008257.  This is part of an Illumina multiplexed sequencing run (49923_3).  This submission includes reads tagged with the sequence ATGACGTCGC.",SQPP-68433-O:D1,Chromium single cell 5 prime,550.0,,ILLUMINA,Illumina NovaSeq 6000,PAIRED,RNA-Seq,TRANSCRIPTOMIC SINGLE CELL,PolyA,EGAS00001008257,EGAX00003584645
EGAF00008947328,HCA_A_GT15282503,,unknown,HCA_A_GT15282503,UNKNOWN,EGAN00004620488,"Illumina sequencing of library SQPP-68433-O:D2, constructed from sample accession EGAN00004620488 for study accession EGAS00001008257.  This is part of an Illumina multiplexed sequencing run (49923_3).  This submission includes reads tagged with the sequence CCCGTTCTCG.",SQPP-68433-O:D2,Chromium single cell TCR,550.0,,ILLUMINA,Illumina NovaSeq 6000,PAIRED,RNA-Seq,TRANSCRIPTOMIC SINGLE CELL,PolyA,EGAS00001008257,EGAX00003584646
EGAF00008947329,HCA_A_GT15282498,,unknown,HCA_A_GT15282498,UNKNOWN,EGAN00004620483,"Illumina sequencing of library SQPP-68433-O:G1, constructed from sample accession EGAN00004620483 for study accession EGAS00001008257.  This is part of an Illumina multiplexed sequencing run (49923_3).  This submission includes reads tagged with the sequence CCCACCACAA.",SQPP-68433-O:G1,Chromium single cell TCR,550.0,,ILLUMINA,Illumina NovaSeq 6000,PAIRED,RNA-Seq,TRANSCRIPTOMIC SINGLE CELL,PolyA,EGAS00001008257,EGAX00003584647
EGAF00008947330,HCA_A_GT15282504,,unknown,HCA_A_GT15282504,UNKNOWN,EGAN00004620819,"Illumina sequencing of library SQPP-68433-O:E2, constructed from sample accession EGAN00004620819 for study accession EGAS00001008257.  This is part of an Illumina multiplexed sequencing run (49923_3).  This submission includes reads tagged with the sequence TTTGCTGGGT.",SQPP-68433-O:E2,Chromium single cell surface protein,550.0,,ILLUMINA,Illumina NovaSeq 6000,PAIRED,RNA-Seq,TRANSCRIPTOMIC SINGLE CELL,PolyA,EGAS00001008257,EGAX00003584648
EGAF00008947331,HCA_A_GT15282493,,unknown,HCA_A_GT15282493,UNKNOWN,EGAN00004620478,"Illumina sequencing of library SQPP-68433-O:B1, constructed from sample accession EGAN00004620478 for study accession EGAS00001008257.  This is part of an Illumina multiplexed sequencing run (49923_3).  This submission includes reads tagged with the sequence TGCAATGTTC.",SQPP-68433-O:B1,Chromium single cell 5 prime,550.0,,ILLUMINA,Illumina NovaSeq 6000,PAIRED,RNA-Seq,TRANSCRIPTOMIC SINGLE CELL,PolyA,EGAS00001008257,EGAX00003584642
EGAF00008947332,HCA_A_GT15282500,,unknown,HCA_A_GT15282500,UNKNOWN,EGAN00004620485,"Illumina sequencing of library SQPP-68433-O:A2, constructed from sample accession EGAN00004620485 for study accession EGAS00001008257.  This is part of an Illumina multiplexed sequencing run (49923_3).  This submission includes reads tagged with the sequence CCCAGCTTCT.",SQPP-68433-O:A2,Chromium single cell TCR,550.0,,ILLUMINA,Illumina NovaSeq 6000,PAIRED,RNA-Seq,TRANSCRIPTOMIC SINGLE CELL,PolyA,EGAS00001008257,EGAX00003584649
EGAF00008947333,HCA_A_GT15282494,,unknown,HCA_A_GT15282494,UNKNOWN,EGAN00004620479,"Illumina sequencing of library SQPP-68433-O:C1, constructed from sample accession EGAN00004620479 for study accession EGAS00001008257.  This is part of an Illumina multiplexed sequencing run (49923_3).  This submission includes reads tagged with the sequence CTCCTTTAGA.",SQPP-68433-O:C1,Chromium single cell 5 prime,550.0,,ILLUMINA,Illumina NovaSeq 6000,PAIRED,RNA-Seq,TRANSCRIPTOMIC SINGLE CELL,PolyA,EGAS00001008257,EGAX00003584650
EGAF00008947334,HCA_A_GT15282499,,unknown,HCA_A_GT15282499,UNKNOWN,EGAN00004620484,"Illumina sequencing of library SQPP-68433-O:H1, constructed from sample accession EGAN00004620484 for study accession EGAS00001008257.  This is part of an Illumina multiplexed sequencing run (49923_3).  This submission includes reads tagged with the sequence TAAGCAACTG.",SQPP-68433-O:H1,Chromium single cell TCR,550.0,,ILLUMINA,Illumina NovaSeq 6000,PAIRED,RNA-Seq,TRANSCRIPTOMIC SINGLE CELL,PolyA,EGAS00001008257,EGAX00003584651
EGAF00008947335,HCA_A_GT15282505,,unknown,HCA_A_GT15282505,UNKNOWN,EGAN00004620821,"Illumina sequencing of library SQPP-68433-O:F2, constructed from sample accession EGAN00004620821 for study accession EGAS00001008257.  This is part of an Illumina multiplexed sequencing run (49923_3).  This submission includes reads tagged with the sequence GATGGAAGGT.",SQPP-68433-O:F2,Chromium single cell surface protein,550.0,,ILLUMINA,Illumina NovaSeq 6000,PAIRED,RNA-Seq,TRANSCRIPTOMIC SINGLE CELL,PolyA,EGAS00001008257,EGAX00003584652
EGAF00008947336,HCA_A_GT15282502,,unknown,HCA_A_GT15282502,UNKNOWN,EGAN00004620487,"Illumina sequencing of library SQPP-68433-O:C2, constructed from sample accession EGAN00004620487 for study accession EGAS00001008257.  This is part of an Illumina multiplexed sequencing run (49923_3).  This submission includes reads tagged with the sequence CGTGACATGC.",SQPP-68433-O:C2,Chromium single cell TCR,550.0,,ILLUMINA,Illumina NovaSeq 6000,PAIRED,RNA-Seq,TRANSCRIPTOMIC SINGLE CELL,PolyA,EGAS00001008257,EGAX00003584653
EGAF00008947337,HCA_A_GT15282497,,unknown,HCA_A_GT15282497,UNKNOWN,EGAN00004620482,"Illumina sequencing of library SQPP-68433-O:F1, constructed from sample accession EGAN00004620482 for study accession EGAS00001008257.  This is part of an Illumina multiplexed sequencing run (49923_3).  This submission includes reads tagged with the sequence ATGCGAATGG.",SQPP-68433-O:F1,Chromium single cell TCR,550.0,,ILLUMINA,Illumina NovaSeq 6000,PAIRED,RNA-Seq,TRANSCRIPTOMIC SINGLE CELL,PolyA,EGAS00001008257,EGAX00003584654
EGAF00008947338,HCA_A_GT15282492,,unknown,HCA_A_GT15282492,UNKNOWN,EGAN00004620477,"Illumina sequencing of library SQPP-68433-O:A1, constructed from sample accession EGAN00004620477 for study accession EGAS00001008257.  This is part of an Illumina multiplexed sequencing run (49923_3).  This submission includes reads tagged with the sequence CACCGCACCA.",SQPP-68433-O:A1,Chromium single cell 5 prime,550.0,,ILLUMINA,Illumina NovaSeq 6000,PAIRED,RNA-Seq,TRANSCRIPTOMIC SINGLE CELL,PolyA,EGAS00001008257,EGAX00003584655
EGAF00008947339,HCA_A_GT15282507,,unknown,HCA_A_GT15282507,UNKNOWN,EGAN00004620489,"Illumina sequencing of library SQPP-68433-O:H2, constructed from sample accession EGAN00004620489 for study accession EGAS00001008257.  This is part of an Illumina multiplexed sequencing run (49923_3).  This submission includes reads tagged with the sequence ATTGGCGCAA.",SQPP-68433-O:H2,Chromium single cell surface protein,550.0,,ILLUMINA,Illumina NovaSeq 6000,PAIRED,RNA-Seq,TRANSCRIPTOMIC SINGLE CELL,PolyA,EGAS00001008257,EGAX00003584656
EGAF00008947340,HCA_A_GT15282506,,unknown,HCA_A_GT15282506,UNKNOWN,EGAN00004620820,"Illumina sequencing of library SQPP-68433-O:G2, constructed from sample accession EGAN00004620820 for study accession EGAS00001008257.  This is part of an Illumina multiplexed sequencing run (49923_3).  This submission includes reads tagged with the sequence GTCATCCTAT.",SQPP-68433-O:G2,Chromium single cell surface protein,550.0,,ILLUMINA,Illumina NovaSeq 6000,PAIRED,RNA-Seq,TRANSCRIPTOMIC SINGLE CELL,PolyA,EGAS00001008257,EGAX00003584643
EGAF00008947341,HCA_A_GT15282496,,unknown,HCA_A_GT15282496,UNKNOWN,EGAN00004620480,"Illumina sequencing of library SQPP-68433-O:E1, constructed from sample accession EGAN00004620480 for study accession EGAS00001008257.  This is part of an Illumina multiplexed sequencing run (49923_3).  This submission includes reads tagged with the sequence GTGGATCAAA.",SQPP-68433-O:E1,Chromium single cell TCR,550.0,,ILLUMINA,Illumina NovaSeq 6000,PAIRED,RNA-Seq,TRANSCRIPTOMIC SINGLE CELL,PolyA,EGAS00001008257,EGAX00003584644
EGAF00008947342,HCA_A_GT15282501,,unknown,HCA_A_GT15282501,UNKNOWN,EGAN00004620486,"Illumina sequencing of library SQPP-68433-O:B2, constructed from sample accession EGAN00004620486 for study accession EGAS00001008257.  This is part of an Illumina multiplexed sequencing run (49923_4).  This submission includes reads tagged with the sequence TGCGCGGTTT.",SQPP-68433-O:B2,Chromium single cell TCR,550.0,,ILLUMINA,Illumina NovaSeq 6000,PAIRED,RNA-Seq,TRANSCRIPTOMIC SINGLE CELL,PolyA,EGAS00001008257,EGAX00003584657
EGAF00008947343,HCA_A_GT15282495,,unknown,HCA_A_GT15282495,UNKNOWN,EGAN00004620481,"Illumina sequencing of library SQPP-68433-O:D1, constructed from sample accession EGAN00004620481 for study accession EGAS00001008257.  This is part of an Illumina multiplexed sequencing run (49923_4).  This submission includes reads tagged with the sequence ATGACGTCGC.",SQPP-68433-O:D1,Chromium single cell 5 prime,550.0,,ILLUMINA,Illumina NovaSeq 6000,PAIRED,RNA-Seq,TRANSCRIPTOMIC SINGLE CELL,PolyA,EGAS00001008257,EGAX00003584661
EGAF00008947344,HCA_A_GT15282503,,unknown,HCA_A_GT15282503,UNKNOWN,EGAN00004620488,"Illumina sequencing of library SQPP-68433-O:D2, constructed from sample accession EGAN00004620488 for study accession EGAS00001008257.  This is part of an Illumina multiplexed sequencing run (49923_4).  This submission includes reads tagged with the sequence CCCGTTCTCG.",SQPP-68433-O:D2,Chromium single cell TCR,550.0,,ILLUMINA,Illumina NovaSeq 6000,PAIRED,RNA-Seq,TRANSCRIPTOMIC SINGLE CELL,PolyA,EGAS00001008257,EGAX00003584662
EGAF00008947345,HCA_A_GT15282498,,unknown,HCA_A_GT15282498,UNKNOWN,EGAN00004620483,"Illumina sequencing of library SQPP-68433-O:G1, constructed from sample accession EGAN00004620483 for study accession EGAS00001008257.  This is part of an Illumina multiplexed sequencing run (49923_4).  This submission includes reads tagged with the sequence CCCACCACAA.",SQPP-68433-O:G1,Chromium single cell TCR,550.0,,ILLUMINA,Illumina NovaSeq 6000,PAIRED,RNA-Seq,TRANSCRIPTOMIC SINGLE CELL,PolyA,EGAS00001008257,EGAX00003584663
EGAF00008947346,HCA_A_GT15282504,,unknown,HCA_A_GT15282504,UNKNOWN,EGAN00004620819,"Illumina sequencing of library SQPP-68433-O:E2, constructed from sample accession EGAN00004620819 for study accession EGAS00001008257.  This is part of an Illumina multiplexed sequencing run (49923_4).  This submission includes reads tagged with the sequence TTTGCTGGGT.",SQPP-68433-O:E2,Chromium single cell surface protein,550.0,,ILLUMINA,Illumina NovaSeq 6000,PAIRED,RNA-Seq,TRANSCRIPTOMIC SINGLE CELL,PolyA,EGAS00001008257,EGAX00003584664
EGAF00008947347,HCA_A_GT15282493,,unknown,HCA_A_GT15282493,UNKNOWN,EGAN00004620478,"Illumina sequencing of library SQPP-68433-O:B1, constructed from sample accession EGAN00004620478 for study accession EGAS00001008257.  This is part of an Illumina multiplexed sequencing run (49923_4).  This submission includes reads tagged with the sequence TGCAATGTTC.",SQPP-68433-O:B1,Chromium single cell 5 prime,550.0,,ILLUMINA,Illumina NovaSeq 6000,PAIRED,RNA-Seq,TRANSCRIPTOMIC SINGLE CELL,PolyA,EGAS00001008257,EGAX00003584658
EGAF00008947348,HCA_A_GT15282500,,unknown,HCA_A_GT15282500,UNKNOWN,EGAN00004620485,"Illumina sequencing of library SQPP-68433-O:A2, constructed from sample accession EGAN00004620485 for study accession EGAS00001008257.  This is part of an Illumina multiplexed sequencing run (49923_4).  This submission includes reads tagged with the sequence CCCAGCTTCT.",SQPP-68433-O:A2,Chromium single cell TCR,550.0,,ILLUMINA,Illumina NovaSeq 6000,PAIRED,RNA-Seq,TRANSCRIPTOMIC SINGLE CELL,PolyA,EGAS00001008257,EGAX00003584665
EGAF00008947349,HCA_A_GT15282494,,unknown,HCA_A_GT15282494,UNKNOWN,EGAN00004620479,"Illumina sequencing of library SQPP-68433-O:C1, constructed from sample accession EGAN00004620479 for study accession EGAS00001008257.  This is part of an Illumina multiplexed sequencing run (49923_4).  This submission includes reads tagged with the sequence CTCCTTTAGA.",SQPP-68433-O:C1,Chromium single cell 5 prime,550.0,,ILLUMINA,Illumina NovaSeq 6000,PAIRED,RNA-Seq,TRANSCRIPTOMIC SINGLE CELL,PolyA,EGAS00001008257,EGAX00003584666
EGAF00008947350,HCA_A_GT15282499,,unknown,HCA_A_GT15282499,UNKNOWN,EGAN00004620484,"Illumina sequencing of library SQPP-68433-O:H1, constructed from sample accession EGAN00004620484 for study accession EGAS00001008257.  This is part of an Illumina multiplexed sequencing run (49923_4).  This submission includes reads tagged with the sequence TAAGCAACTG.",SQPP-68433-O:H1,Chromium single cell TCR,550.0,,ILLUMINA,Illumina NovaSeq 6000,PAIRED,RNA-Seq,TRANSCRIPTOMIC SINGLE CELL,PolyA,EGAS00001008257,EGAX00003584667
EGAF00008947351,HCA_A_GT15282505,,unknown,HCA_A_GT15282505,UNKNOWN,EGAN00004620821,"Illumina sequencing of library SQPP-68433-O:F2, constructed from sample accession EGAN00004620821 for study accession EGAS00001008257.  This is part of an Illumina multiplexed sequencing run (49923_4).  This submission includes reads tagged with the sequence GATGGAAGGT.",SQPP-68433-O:F2,Chromium single cell surface protein,550.0,,ILLUMINA,Illumina NovaSeq 6000,PAIRED,RNA-Seq,TRANSCRIPTOMIC SINGLE CELL,PolyA,EGAS00001008257,EGAX00003584668
EGAF00008947352,HCA_A_GT15282502,,unknown,HCA_A_GT15282502,UNKNOWN,EGAN00004620487,"Illumina sequencing of library SQPP-68433-O:C2, constructed from sample accession EGAN00004620487 for study accession EGAS00001008257.  This is part of an Illumina multiplexed sequencing run (49923_4).  This submission includes reads tagged with the sequence CGTGACATGC.",SQPP-68433-O:C2,Chromium single cell TCR,550.0,,ILLUMINA,Illumina NovaSeq 6000,PAIRED,RNA-Seq,TRANSCRIPTOMIC SINGLE CELL,PolyA,EGAS00001008257,EGAX00003584669
EGAF00008947353,HCA_A_GT15282497,,unknown,HCA_A_GT15282497,UNKNOWN,EGAN00004620482,"Illumina sequencing of library SQPP-68433-O:F1, constructed from sample accession EGAN00004620482 for study accession EGAS00001008257.  This is part of an Illumina multiplexed sequencing run (49923_4).  This submission includes reads tagged with the sequence ATGCGAATGG.",SQPP-68433-O:F1,Chromium single cell TCR,550.0,,ILLUMINA,Illumina NovaSeq 6000,PAIRED,RNA-Seq,TRANSCRIPTOMIC SINGLE CELL,PolyA,EGAS00001008257,EGAX00003584670
EGAF00008947354,HCA_A_GT15282492,,unknown,HCA_A_GT15282492,UNKNOWN,EGAN00004620477,"Illumina sequencing of library SQPP-68433-O:A1, constructed from sample accession EGAN00004620477 for study accession EGAS00001008257.  This is part of an Illumina multiplexed sequencing run (49923_4).  This submission includes reads tagged with the sequence CACCGCACCA.",SQPP-68433-O:A1,Chromium single cell 5 prime,550.0,,ILLUMINA,Illumina NovaSeq 6000,PAIRED,RNA-Seq,TRANSCRIPTOMIC SINGLE CELL,PolyA,EGAS00001008257,EGAX00003584671
EGAF00008947355,HCA_A_GT15282507,,unknown,HCA_A_GT15282507,UNKNOWN,EGAN00004620489,"Illumina sequencing of library SQPP-68433-O:H2, constructed from sample accession EGAN00004620489 for study accession EGAS00001008257.  This is part of an Illumina multiplexed sequencing run (49923_4).  This submission includes reads tagged with the sequence ATTGGCGCAA.",SQPP-68433-O:H2,Chromium single cell surface protein,550.0,,ILLUMINA,Illumina NovaSeq 6000,PAIRED,RNA-Seq,TRANSCRIPTOMIC SINGLE CELL,PolyA,EGAS00001008257,EGAX00003584672
EGAF00008947356,HCA_A_GT15282506,,unknown,HCA_A_GT15282506,UNKNOWN,EGAN00004620820,"Illumina sequencing of library SQPP-68433-O:G2, constructed from sample accession EGAN00004620820 for study accession EGAS00001008257.  This is part of an Illumina multiplexed sequencing run (49923_4).  This submission includes reads tagged with the sequence GTCATCCTAT.",SQPP-68433-O:G2,Chromium single cell surface protein,550.0,,ILLUMINA,Illumina NovaSeq 6000,PAIRED,RNA-Seq,TRANSCRIPTOMIC SINGLE CELL,PolyA,EGAS00001008257,EGAX00003584659
EGAF00008947357,HCA_A_GT15282496,,unknown,HCA_A_GT15282496,UNKNOWN,EGAN00004620480,"Illumina sequencing of library SQPP-68433-O:E1, constructed from sample accession EGAN00004620480 for study accession EGAS00001008257.  This is part of an Illumina multiplexed sequencing run (49923_4).  This submission includes reads tagged with the sequence GTGGATCAAA.",SQPP-68433-O:E1,Chromium single cell TCR,550.0,,ILLUMINA,Illumina NovaSeq 6000,PAIRED,RNA-Seq,TRANSCRIPTOMIC SINGLE CELL,PolyA,EGAS00001008257,EGAX00003584660
